,0,1,2
0,89.36597662963536,1.1230680193483444,-0.0013767497292747743
1,196.60481075122698,1.00568183059309,-0.0012999691093514404
2,99.22182159524516,1.012692065232395,-0.001280110630111458
3,95.48921640507623,1.0036265985534676,-0.001303825309302837
4,114.67368907375726,1.064847684394422,-0.0013622090828391263
5,198.52456107793753,1.0522960589564105,-0.0013187912341072298
6,185.41058465821445,1.0583706228868035,-0.0013140569783953444
7,202.767419198771,1.126319087211624,-0.0013736047975313232
8,77.9944429519379,0.9933239846872988,-0.001286686961681439
9,101.53235483949909,1.0079167987620636,-0.0012796739934506046
10,187.71215586166437,1.0099534417262908,-0.001288653022264974
11,126.42427218741497,1.12141699855916,-0.0013000253030071365
12,178.03342813071257,1.064678481157028,-0.0013013383215749047
13,182.9727161766808,1.1459271059617242,-0.0013830183109090938
14,83.03613390058689,0.8265317820200289,-0.001210145344136267
15,179.022125538743,1.059585151171717,-0.0013682977252142494
16,82.83020086397099,0.9414012478577615,-0.001247267829576661
17,183.6792948290254,1.0067967524563926,-0.0012743623778166875
18,85.59685451866554,1.0180506929786175,-0.0012887277478709526
19,125.57045388242538,1.1431508584294259,-0.0013796305508364552
20,200.32209136590413,0.9558073404443692,-0.001271279139533532
21,82.37256313574645,0.8159785409128074,-0.0012561099610808781
22,117.09368433775475,1.0793847103083523,-0.0013398573987007936
23,110.16674428892927,0.891434087915506,-0.0012671564381809743
24,174.59464917125467,1.1455528537035609,-0.0013820705511033479
25,200.05589147140714,0.9435261888765094,-0.0012354198157365974
26,128.6024619067235,1.1232306342458263,-0.0013609921912908882
27,122.20512393473349,1.1135224918399504,-0.0013135706043711517
28,146.7829174364082,0.9013955016561002,-0.0012418401202412958
29,98.69188519976231,1.018739500884471,-0.0013025927552675863
30,78.76209615604675,1.0113289331022484,-0.0012631780469186823
31,84.8252105609332,0.8325400727525915,-0.001181600401774441
32,206.16870718548773,0.9335260543474719,-0.001270838557360683
33,153.0380492827229,1.1327310133400144,-0.00136617324634604
34,124.4049760248136,0.95218723915162,-0.0012681731846661591
35,84.00192759020214,0.8265999516022471,-0.0012187621032128527
36,212.4519425423161,1.1192099764041339,-0.0013676042715907695
37,118.76610623353666,1.0866566223056129,-0.0013332081349393776
38,177.35660035201818,1.0465515782171084,-0.0013515737759133657
39,87.18527001863154,0.8371577574674786,-0.0011368401224762636
40,125.8278890222093,1.1445657674776077,-0.0013766915030825957
41,149.20975005134716,1.1342372554838973,-0.0013839505277887963
42,184.81891759771256,1.1344426696431786,-0.0013578164128172894
43,92.1030500108201,1.1342971514067055,-0.0013824533853278968
44,180.78823510102598,1.0691202892189806,-0.001327328126456146
45,172.22807791770816,0.8245177390467555,-0.0012655685489441747
46,174.20311268121773,0.8935586440189852,-0.0012385028148978136
47,95.93712741367122,1.1090085721678273,-0.001329504136102238
48,156.45591777013664,0.8033375653932195,-0.0011214537017419086
49,138.04271926611003,0.9215850553110312,-0.0012859107718670199
50,188.73708950579126,1.1454451201561378,-0.0013742101347202335
51,97.44839482207927,1.0683713921482592,-0.0013415360347134933
52,129.08071752138864,1.1096198611807384,-0.001335319462100935
53,97.75044579676897,1.0018739972494748,-0.0012803233290763147
54,211.12994599295257,1.1310838103024985,-0.0013828182854070106
55,96.47735314568297,0.944183424995427,-0.0012318406385516843
56,94.54243907555461,1.0072036567922973,-0.0012661687450113935
57,113.1811645455668,0.924761370363905,-0.0012558146454860514
58,181.40840612727624,1.0990789823301865,-0.0013129382464031197
59,196.36966327601263,1.0218705629008518,-0.0012589720115703373
60,126.29090914425329,1.1447305617317303,-0.0013758870968793593
61,151.09229864649058,0.943507119293194,-0.0012526540512555872
62,110.87590909331041,1.0789577992553439,-0.0013698414964532792
63,149.16745644516192,1.1420421182020968,-0.0013820889634926612
64,211.49225160473736,0.8997134123565751,-0.0012990007850589296
65,195.84304436483444,1.0093211136033382,-0.0013051914129410926
66,89.36462046444295,0.9810900026497801,-0.001283149630835874
67,205.49788472717174,1.0237673098908509,-0.0012949073761439151
68,171.68138629246477,1.1172152707928518,-0.0013822088831451354
69,200.82517596351292,1.0322685434083543,-0.001296029097160379
70,140.39265050321737,0.9892204277026296,-0.0012943630150494836
71,151.12698985451308,0.8211235250201884,-0.0011426014069167165
72,203.5037116070962,1.0323709532694851,-0.0012895192414894762
73,113.03558818190515,1.0078511948080617,-0.0012996111438085614
74,180.0050509209874,0.8966049132460541,-0.0012080277998042922
75,138.16285082532684,1.103503787805148,-0.0013044555151734169
76,173.63256674398818,1.0518251586521754,-0.0013279455393029821
77,89.35767605645339,1.1366158546274705,-0.0013795761505953027
78,167.7508480861945,1.1203144036324264,-0.001370604056317168
79,201.58709311858695,0.9934280650233708,-0.001315270043992556
80,198.56691945430222,0.9244915955080337,-0.001242724751855111
81,113.82412075133568,1.0784828986543118,-0.0013288161822833581
82,170.48249791643843,0.9834971604010997,-0.0013026530139962473
83,98.2788532671623,1.0664294325018893,-0.001328918048229428
84,171.70653432275589,1.1166249888747501,-0.0013663699241409752
85,103.25204518654029,1.0869131204120845,-0.0013245626812300958
86,123.53642875685502,1.1178972424244091,-0.001349665821961039
87,169.080139603352,1.1211171998783507,-0.001356087322075433
88,204.13533423469252,0.9274196497875585,-0.001228860342263325
89,182.29619839061962,1.1463291842006929,-0.001380444043673379
90,203.67973319572735,0.8510184145123575,-0.0011784456660314858
91,143.3719380449963,0.909210376992866,-0.0012247888130057414
92,177.06188744261053,1.0521934707731542,-0.0013390135373776003
93,184.35199413222932,1.0146737599668867,-0.0012874251311075363
94,136.42994443207587,0.9188146985191192,-0.001246664883607142
95,80.47895701989792,1.0541311203099286,-0.0012997010536576746
96,176.5296363215624,1.0096320492379016,-0.0012826805931522682
97,184.67966425951397,1.1140659353162117,-0.0013551820064138828
98,142.12285749313372,0.9820520684934547,-0.00126061944216998
99,123.95660109004152,1.071115283665564,-0.0013621748884018303
100,201.12902144255528,1.087571945282123,-0.0013393632532135795
101,112.22551586850021,0.9244262949199373,-0.0012441923627565274
102,123.855168985122,0.9550783951853805,-0.0012813697266819521
103,110.32356838346811,0.8252834940168164,-0.0011484488948162262
104,118.63622548291863,1.09258447586229,-0.0013617790220315988
105,209.08641479048782,0.8423475510467633,-0.0012135871457671491
106,137.72693894252623,0.9292155942947085,-0.0012583476641872659
107,135.46578821526856,0.9925032117819315,-0.0012876823067530718
108,186.94938795472834,1.1465533230078568,-0.0013803487535806354
109,181.43445119980206,1.1451346140797105,-0.0013816476639539948
110,143.8902601341619,1.0243920549146552,-0.0013005101227387245
111,92.22618975630229,0.8787478574755831,-0.0011923150971839933
112,78.91658453454818,0.9363556578696595,-0.0012415083385507513
113,210.44848468132557,1.1182023169022228,-0.0013766097233794132
114,199.28498663948284,0.9395589926338999,-0.0012619132114216483
115,114.45056259809967,0.9054917871813468,-0.0012659327316574711
116,184.66754420424843,1.1087130808883918,-0.0013040713657782028
117,207.99938381985353,1.123100326724536,-0.001335625179500114
118,81.96630528067493,0.9763396559179256,-0.0012656309597702878
119,93.89707408272021,1.0074606183563717,-0.0012615919510964258
120,92.47005735714048,1.1264890056593886,-0.0013660292949386832
121,92.37463801690065,1.0845328438295367,-0.001327295366750485
122,199.80760001642062,0.8328165863749339,-0.0011732910339506079
123,81.77414228760891,1.005791329889371,-0.0013132448007290858
124,211.46097049138726,1.1239503387880545,-0.0013788767189233447
125,97.9727337968954,1.0923710383261378,-0.0013256337083954635
126,119.77379247889256,1.114563942565115,-0.0013462549866212745
127,209.93513807270185,0.9183666935312981,-0.0012355448765107632
128,142.13171091123718,0.9243100629562779,-0.0012685686923534821
129,182.27806205355841,0.9322757088019136,-0.0012401159314991916
130,205.90422315822704,0.8402529858801554,-0.0011882033954406356
131,177.39928659018437,0.9972490075619341,-0.0012583176543839053
132,136.07795497424544,0.9292513109846477,-0.00125330816932008
133,173.13756296374254,1.0714261524032282,-0.001322278947150425
134,120.08690388651861,1.0231156666913215,-0.0012805090072620499
135,198.60456588586266,1.0121215934184555,-0.0012981487935898057
136,89.66806890473796,1.0016948287286862,-0.0012887791590878656
137,81.05088729731071,0.977874832472196,-0.001285700105438645
138,138.791915741034,1.0348902277866239,-0.0013023951209848944
139,209.30210230634714,1.12849638647793,-0.0013822501316796353
140,200.7008248348665,1.0987804439904123,-0.001330313205183288
141,183.85906092092011,1.146427818747553,-0.0013821180168082656
142,139.31502201643448,0.9837659455330295,-0.0012525899665758997
143,158.28352798004252,1.1219510902070973,-0.001287895005717929
144,86.83239551164499,1.0203482262320636,-0.0012955525271356907
145,82.4991356743719,0.9873416778113678,-0.0012989872746693686
146,114.55934536970805,0.9198048078304668,-0.0012546545453983571
147,202.19405606722367,0.8390200769898755,-0.0011918421139883919
148,84.65564888140798,1.130167503808807,-0.0013614986515579678
149,144.6492028189443,1.0334200602687202,-0.0013000122708614536
150,94.44207142959355,0.8981146083802043,-0.0011935257715618135
151,204.3057201027146,0.9319322424803682,-0.0012592684032138898
152,120.71243690675588,1.0722290606768463,-0.0013620534144567517
153,99.66365638181794,0.8671921949920354,-0.0012035069604230814
154,92.43636107908176,1.1312886524506325,-0.0013811880715869852
155,148.53211292337355,1.1157449933979646,-0.0013450012702944107
156,79.91928513693519,0.9370310242637365,-0.0012173852390873364
157,97.34166402757546,0.9992788497268976,-0.0012829034547995385
158,155.1768968519761,1.1323784591381385,-0.0013819495554021478
159,107.49166986212836,0.9991747458630096,-0.001298281864948932
160,112.89164067230362,0.8264650955099258,-0.001161781138532476
161,108.79581556729656,0.8371254023523361,-0.0011729414376755987
162,185.7520093657451,1.1307390611956438,-0.0013542569631923547
163,184.74586858300148,1.1088187535630332,-0.001352340042167311
164,96.87238970556182,1.0934616869408864,-0.0012752488028450462
165,187.9413767739482,1.129329661763498,-0.001286330311309225
166,140.68796330545686,1.134047412622565,-0.0013712416749678612
167,209.4944852614733,0.8474893180948063,-0.0011805057015370993
168,140.37780468608003,1.1318154121809656,-0.0013786197823997485
169,154.30222798855803,1.1385984119114858,-0.0013794846864535852
170,176.03432163941673,1.0609150964652132,-0.0013391209031282702
171,149.72805866001815,1.1230187016084423,-0.0013284832049831182
172,180.34556959464476,1.0572293634350587,-0.0013359862536282017
173,150.37190005655816,0.9445598003157324,-0.0012569719956714454
174,142.17900904778665,0.9287389267637486,-0.0012492489548423615
175,188.49171947592396,1.1084777775431638,-0.001315373703353169
176,147.33475496410472,1.1319890268353185,-0.0013785024930886044
177,170.66955956119423,1.126292017848214,-0.001381229080999546
178,83.95929152734212,0.8168476660092868,-0.001201525476474472
179,184.1488464123897,1.0175014535481952,-0.0012636131292869308
180,206.5559772957785,0.9861165054422283,-0.0012984271315269543
181,89.40026676984041,1.1325868996503832,-0.0013832503787510205
182,98.75590893788588,1.0084246533942236,-0.0012638881195169314
183,147.33952773510183,0.9593246617003519,-0.0012673026612467528
184,105.89131581214879,0.9113822949094158,-0.0012152459346589008
185,111.91626805334552,0.920378579573605,-0.0012351157721909923
186,157.11066396684484,0.9752139776412821,-0.0012965716648402673
187,202.77084135138566,1.0309702986841682,-0.0013018654658897193
188,175.86535265323812,0.9918483856049991,-0.001291772965765786
189,179.9006948392985,1.0195188509689448,-0.0012793847754652256
190,93.8260278572317,1.1215758826145161,-0.0013608100999342402
191,179.54433700701432,1.0602106094305834,-0.0013418813267935988
192,121.19605786797658,1.1445971712977607,-0.0013811453883208502
193,125.68664254134325,1.1242449964822336,-0.0013488101241018588
194,118.93029780774663,0.8344896348544071,-0.0011916295345845047
195,117.6519018790071,1.0657950495134525,-0.0013218157679543282
196,167.77765246386983,1.1414435125597029,-0.0013794968816724811
197,78.64737602611314,0.9271962845103429,-0.0012268869884606466
198,139.0218943310274,0.9905700605382349,-0.0012955207239177865
199,80.0765139193047,0.9884994648347172,-0.0012881068677559988
200,137.552887808044,0.9533666310251347,-0.0012747547769188013
201,205.44936541468488,1.070702473639827,-0.0013196567359659143
202,97.42207674131431,1.0505048622472601,-0.0013174700853935306
203,87.67172841669324,1.128089625794193,-0.0013799808644772821
204,153.71693299972256,0.9256431724658766,-0.0012142185472474244
205,93.69290616636567,1.0505507478709601,-0.0013156416394859657
206,171.97175789059253,1.0499321039786877,-0.0013489749986788898
207,200.21265024343955,0.924331603848819,-0.0012635168827064306
208,205.67797016835397,1.0341276021981216,-0.0013078591768550074
209,124.94930966754535,1.0621623906729138,-0.0013068722010512444
210,197.31760950270586,1.025497306005273,-0.001250695044769256
211,89.64747970412392,1.1428858622829141,-0.001370326674867776
212,196.5900591368622,0.9978632012005092,-0.0013066310465756304
213,189.58004208404503,1.0426869173121283,-0.0012858157208962152
214,78.97114858855502,0.9229069098790211,-0.0012214748220513248
215,129.01783203185508,1.1178545471858399,-0.0013480964646745224
216,188.3192712981189,1.0627930725725134,-0.001314678097632237
217,200.30723726271654,1.1023716454850534,-0.001343436456324737
218,152.09576330970273,1.134911895343623,-0.0013813747062604766
219,86.95049471719135,1.127194012139034,-0.0013605921402867222
220,79.87415485306049,0.9216090464477831,-0.0012370206175581103
221,169.4238031278577,0.8587561360089575,-0.0012308764988931084
222,137.59020962757342,0.990887114665396,-0.0012804332056073455
223,121.54261446198007,1.095229034124446,-0.0013411235493684926
224,152.449153387169,1.088825036170611,-0.0013231131240350837
225,177.9348207706378,0.9015372558000806,-0.001237927367951295
226,82.09053476319568,1.104361988952214,-0.0013650700572798592
227,84.51333251740806,1.1277763971546169,-0.001364823283438676
228,184.7289661883708,1.1478754368042186,-0.0013815772425429208
229,125.87767704432316,1.1216154851444968,-0.001351798789658088
230,139.5401833760836,0.9555888866668331,-0.0012725610722492133
231,86.94995322288881,0.826261186890127,-0.0011701447870364917
232,98.76758804680591,0.8793123923251793,-0.0012294897112071178
233,81.77733402670822,0.9856335499617062,-0.0012838671162142363
234,145.75431319028795,1.1195885351307273,-0.0013736784470885755
235,123.43258153186757,1.1023968910619597,-0.0013396897742214628
236,196.18628705557572,0.9990711428054921,-0.0012882243961890817
237,172.72739283504583,1.056930600878687,-0.0013335671765309829
238,185.68169596445935,1.1364181461172356,-0.0013693504595512739
239,199.19504168626727,0.930472764186907,-0.001260340386867014
240,84.3301886707211,0.9590792581089979,-0.0012336219774372408
241,97.78694969309322,1.0999458476307769,-0.001328682752241323
242,83.5798492475518,0.9934197378570393,-0.0012674112226071185
243,95.31874183121184,1.0761043302083437,-0.0013401001074690119
244,85.82377572328289,1.0128409747759815,-0.001294341135392053
245,209.4480612127986,1.1131127597303145,-0.0013409558053281922
246,83.42798465998789,0.8140629877239927,-0.0011602460952442242
247,96.96245294911621,1.0126229220226326,-0.0012862982689693814
248,173.71735728955446,1.111154910062562,-0.0013574504366894494
249,143.93346740997129,0.9626466738849593,-0.0012777166608178478
250,183.71971840721986,1.0654763801591602,-0.0013144846479834801
251,149.00544470662823,1.1191872303021417,-0.0013599198489548554
252,205.51346989038504,0.9523625268840153,-0.001258940088791463
253,174.95375810817671,1.11937651992782,-0.0013400834884942422
254,172.9963046585249,0.8977315430027275,-0.0012095315181185175
255,136.62426542404816,0.948373581013719,-0.001278186894111149
256,185.29395414795954,1.1069178283921897,-0.0012946676563999364
257,85.92618887004537,1.123950400362343,-0.0013766038648919043
258,92.78562571403052,1.1421513258006724,-0.0013752186314985185
259,186.55124870579553,1.1436210760823309,-0.0013805756803008705
260,123.22103836105364,1.0143341737150524,-0.001294679971179802
261,201.06480203088122,1.1004984930645552,-0.0013168849540084772
262,121.50228875542656,0.9569394854048936,-0.0012645529980686854
263,125.11423067838886,1.1469161970838335,-0.001376446283534017
264,168.0407487514616,0.8326341995458278,-0.0011628491766736047
265,90.2805302736393,1.0693406108106693,-0.0013225942294271694
266,124.96004329135982,0.9505016319946386,-0.0012762502455261268
267,137.9101306784624,0.9501974167972191,-0.0012354029576398889
268,169.83936419851238,1.121847114557169,-0.001374265850132051
269,168.2567388211889,1.1190665204398584,-0.0013701762671680627
270,144.63008529966828,1.0242852932478301,-0.0013081576010350432
271,88.9170076691235,1.132156238346742,-0.00137782135424499
272,98.29271400965816,1.0692621895406875,-0.0013394946507191319
273,126.03428719751908,1.0073357612781493,-0.0012760285794885524
274,115.72959310123346,0.9511437970530326,-0.0012723866327946174
275,90.14284333500753,0.8419994274597962,-0.0012356204390435283
276,169.41439416948987,0.8328040371705372,-0.001241528305232669
277,209.9347154121846,1.1441036794966915,-0.0013776683162039461
278,79.72038126863339,0.8363601543859983,-0.0011921749717276626
279,201.1785735178635,1.0106857546647603,-0.0012947367626403453
280,82.47289668524733,1.0948125783065326,-0.0013506383308874849
281,96.56754636406622,0.9782474055230552,-0.001242053297450031
282,95.67272615182655,1.0018389500465972,-0.0012907565779635096
283,120.22902541369936,0.8293808584006627,-0.0011489242692312189
284,118.61579045985125,1.0778983974201852,-0.00131965518167331
285,151.41413903443225,1.1335017417430593,-0.0013754939804114276
286,100.9581819226718,1.0107126150279238,-0.0012974609593318955
287,128.83453967582963,1.120722693410998,-0.0013527197678066508
288,138.5005724375329,1.010948376769298,-0.001277499657658086
289,149.32827461544505,1.02931397740494,-0.0012799156261700966
290,204.0853694512941,1.0037027228023705,-0.0012902063583815691
291,147.0972242931151,1.1301150209405564,-0.0013761037413562117
292,116.9296649038034,1.071341162192928,-0.001335903876120171
293,94.78691117997519,0.9172286589841613,-0.0012191383615840754
294,81.8881724577034,0.9328563037471794,-0.0012242532994230573
295,116.45646552361654,1.0026197508730152,-0.0013015134783953184
296,135.8982022288918,0.9337731788069026,-0.0012267983937821986
297,96.70896113735306,1.0119079992912874,-0.0012823387683402808
298,93.73242371062966,1.1144714635812318,-0.001367367779992969
299,120.63286800290967,1.1362022008887085,-0.0013658263999733306
300,142.63481108122056,1.1097658059009827,-0.0012908157606434448
301,206.82584031867603,0.9335336849695188,-0.0012542688417105387
302,204.7008965692488,0.8391541484335779,-0.0011898984113061658
303,206.21795634703346,1.1191657781931552,-0.0013704810280794851
304,208.57154122545643,0.8275365599289659,-0.001202969055621006
305,152.15684819968422,0.8413153569977275,-0.0011704398635093796
306,95.87320807381361,0.8759144275057631,-0.0012684967166498038
307,168.47419449432704,0.8277733065245957,-0.001230192729708163
308,121.31757099785096,1.0729108722930685,-0.0013439194826417819
309,85.06331904863846,1.096827515910485,-0.0013624505959976482
310,146.1371069676759,0.9402406766173882,-0.001237758667423238
311,199.7223771721901,1.0011729943723833,-0.0012902847903776041
312,123.79837129907622,1.0689302535327125,-0.0013682592265820493
313,170.1368450508324,1.1248160527616493,-0.001379892269798834
314,126.5467444285153,1.0780846259692252,-0.001321275471932862
315,208.68783914662257,1.0099195221780264,-0.0013027847701847085
316,145.5398361928024,1.1338983023193516,-0.0013825150787881925
317,127.36522786047117,1.1375919069274871,-0.0013687643716784638
318,196.50064145052437,1.0091005857027315,-0.0012833197660955657
319,86.18127479676548,0.8542482907836838,-0.001199056422891975
320,150.13974053305088,1.007287658658189,-0.00127137323401658
321,79.42891480695306,0.9885147864846553,-0.0012844017928701334
322,173.69422446395328,0.8389105607366918,-0.0012489034236403173
323,101.70722888586077,1.0128103321063144,-0.0012929984657038323
324,78.57062096332115,1.0138319767874135,-0.0012684694567487425
325,80.86235334183358,1.0040122211394558,-0.0012213593261547243
326,158.2141575800373,0.9716678013416059,-0.0012405966861578142
327,177.23682121914146,0.973908540127611,-0.001239162552327876
328,172.24690122269166,1.1455188488361845,-0.001382185807878009
329,84.59464520223597,1.0002605007968943,-0.0012808476039278594
330,96.37065433875387,0.8760400230198777,-0.0012010607429857709
331,99.46243915051876,0.8692034597918467,-0.0011965041548746597
332,185.75995972542424,1.1091375777660901,-0.0013232198919809054
333,85.1064118454765,0.9341892917813612,-0.0012199404961288907
334,140.4033063272865,0.9035001264256624,-0.001208310920180223
335,92.36407347925437,1.001789439118789,-0.0012959444479939265
336,129.71093102908802,1.1471831216251123,-0.001378493286893948
337,156.03313220918213,0.9639747600701041,-0.0012433605770912604
338,168.87784430431975,0.9025776358115298,-0.001273232048410415
339,182.1736381472999,1.0609758773428823,-0.0013465027169502143
340,123.27145737130635,1.1173433593073911,-0.0013519073510184533
341,210.7463294821429,1.0002655441523254,-0.0013023435902070114
342,179.50561544160445,1.0568455561292145,-0.0013611150999676019
343,114.36258535215832,1.085585386038163,-0.0013213511540265967
344,98.2457292562628,0.833258174546193,-0.0011653216975242194
345,125.57949911262794,1.0753433201389335,-0.0013450624855108279
346,212.99291327674857,1.1200670167995235,-0.0013842136814828099
347,186.9749697389701,1.1139275741578498,-0.0013548469965771605
348,150.42815695808474,1.0025471289075907,-0.0012921526914051263
349,174.99828658827735,1.0893907058617505,-0.001337506471356227
350,150.16724337410133,0.8718457502203282,-0.0011671599474312889
351,89.50516981862015,1.1324343452686345,-0.0013798944218962861
352,91.89223596723586,1.0013573272487997,-0.0013010609401255127
353,100.70051809436184,0.9619082436243476,-0.001249008517732565
354,114.96508674617974,1.0599246469149752,-0.0013231497096917707
355,111.47242629963144,0.9933982888915726,-0.0012644415672450502
356,100.778268686061,1.008283260462698,-0.0012405550789404054
357,134.6217202999349,0.8997625168208625,-0.0011840496082359906
358,108.66806158180928,0.8238191844885308,-0.0011516582699222732
359,196.79198583422854,1.0368493890309887,-0.0012848976122109214
360,196.53678781840543,1.0073434918462874,-0.0012806804576924072
361,202.44415928743334,0.9237504966930588,-0.0012601131014638705
362,177.97431662726143,1.0783306218763142,-0.001328973404958337
363,168.87325998306252,1.1374860406670142,-0.0013819513488166914
364,106.61167528625214,0.819262645457345,-0.0011574453795321522
365,182.75790054292202,1.1467360587035693,-0.0013831194594893462
366,198.71441611660345,1.0366641982295646,-0.0012800699793818057
367,210.87194435726568,0.8360274116364661,-0.0011732579155620385
368,181.28054610441657,1.0781350531152591,-0.001349605921915287
369,140.4554931896169,1.0360251003976768,-0.0013048326104714261
370,83.13275851104648,0.9972856571771421,-0.0012766925015525493
371,169.30724024011312,0.8909591139638536,-0.0012281532586893148
372,80.47825086381843,0.8635810812375174,-0.0012165542903488564
373,181.18095269498818,1.0670071644399879,-0.0013337486700827831
374,140.3067736693784,0.8819543611339523,-0.0012115303384077135
375,203.81271636077383,1.0513614999380512,-0.0012898950216168204
376,87.45307647252652,1.0682180158756962,-0.001315482503835474
377,96.67771265108668,0.8384314094528631,-0.0012215185813661857
378,139.36827830630455,0.8283205532370369,-0.001148844641625488
379,169.1793437118744,1.117986482227532,-0.0013821065389551875
380,127.08605029544057,1.1251595901786318,-0.0013569214989600916
381,170.7222178296269,0.8888020487976749,-0.0012533467875132497
382,173.23275875470117,0.9089174105133011,-0.0012877092079712242
383,179.57515993992425,0.9014831704173153,-0.001224909450024033
384,168.9008801414599,1.06370149217753,-0.0013361586605463152
385,167.68016289580822,1.1338217316593535,-0.001380778097022345
386,171.6646115993078,1.118786565472981,-0.0013538915848693624
387,150.61498917857037,1.1347752857871845,-0.001360486567950596
388,120.53699389972766,1.0251735556936017,-0.001295248722712025
389,178.7073863980229,1.1387022662787245,-0.0013834753924957428
390,196.46290184730682,0.8519668076577579,-0.0011871086952032939
391,168.37772438275564,1.1246109618673834,-0.0013768301938072917
392,124.89307008767409,1.109679045267452,-0.0013357796522727927
393,79.55026459793868,1.079945186658299,-0.0013463570916892832
394,168.40042399323096,1.1292197943404427,-0.001373361849641166
395,100.21826639979503,1.0907120589631305,-0.0013225733062574951
396,82.38650162019601,0.8869462363218469,-0.0012408171565856932
397,136.4509676952596,0.8307945624042787,-0.001143215711178344
398,122.19465129776273,1.1184179043468152,-0.0013567141802388648
399,98.91124033069778,1.0955720044674782,-0.00134395582917653
400,118.29964222658737,0.9495435376756456,-0.00126211371516761
401,170.83229542227843,0.8467525554600921,-0.0012547128911515049
402,126.86441045760792,1.080423485542138,-0.0013204090135864204
403,206.8584131299996,0.9244501022165609,-0.0012750579835376194
404,115.0887068974993,0.9246098181155831,-0.0012705633280087436
405,210.7855941359842,1.129174462719405,-0.0013844309237645105
406,98.84227350001787,0.8712064961281731,-0.001178624170559047
407,97.73804055640635,1.0183750461905756,-0.001273845157062347
408,157.30659090253258,0.901773187794821,-0.0012221996006488308
409,203.14648723868385,1.1334443251183128,-0.0013807030127334576
410,207.7737481120607,1.1176718460090467,-0.001370325001014202
411,127.44724806627981,1.0310483270056146,-0.0012923355001275916
412,188.78376897442726,1.1122946258888549,-0.0013068403978333397
413,176.63842935593027,1.0602686588047023,-0.0013365035939435117
414,171.1148184986111,0.9895031900378649,-0.0012691220205206313
415,92.82254679851258,1.0160952239208179,-0.001292851883955145
416,211.4712532542713,1.1253268194159871,-0.001380892755992158
417,82.52286748548948,0.8461912523281047,-0.0011778076886978842
418,94.2999647394219,0.9062499170607139,-0.0012004130812136343
419,94.30804453760253,1.0623316666292042,-0.001313927972109183
420,198.12528241156866,0.9933737124071265,-0.0012799403752907965
421,206.94411549063355,1.1241714688515687,-0.0013768624752690745
422,92.41246487612457,1.1353879658192525,-0.001288774137527144
423,168.29964974928973,1.1321415346864967,-0.001374743854888374
424,89.34272908610437,1.1222115363868554,-0.0013657437833433607
425,187.66309370983618,1.1201591953755137,-0.0013337621804723442
426,126.25060426111818,1.1195788689003536,-0.0013230945920848008
427,175.74948808241282,1.0075984119521777,-0.0012838844525548234
428,82.04050781598697,0.9817956556316624,-0.001231073057127074
429,79.12780618351468,0.8299392505724987,-0.0011992434162483752
430,152.08324860428098,1.1282420848990595,-0.0013278635204778603
431,176.14336576613368,0.9797946652914371,-0.001236929272977362
432,212.15331128801128,1.1284548788767765,-0.0013749231963427221
433,81.32316013442093,1.1332693312232178,-0.0013554740938625316
434,173.7382248957662,1.1457444952804765,-0.0013839098770591436
435,205.6947751126679,1.0149076781752038,-0.001300540849907903
436,113.43057973857029,0.9120909641342467,-0.0012400843674032261
437,183.48839931122947,0.9785926224460552,-0.001240769810441745
438,137.41765929645862,0.9076452732100264,-0.0012064472037866363
439,93.28829506403227,1.0683466874181458,-0.0013364485958975115
440,178.39486910129716,1.1470173673718533,-0.0013727263830879254
441,101.6130574659403,1.0981855988720008,-0.001338577737643534
442,199.47917204266642,1.0356436976935572,-0.0013058627477852028
443,99.78500887217696,0.8617834577182598,-0.0011995732849634064
444,80.79257777888526,0.9850259777227972,-0.001270494102207365
445,116.94461087378527,1.0607583508837783,-0.0013273168877250066
446,210.75094020864694,1.126464998683895,-0.0013822673484592527
447,95.54051516205882,1.05329094738929,-0.0013214910403609881
448,136.18189251666257,0.8576269382654574,-0.0012558774149950729
449,180.45964728778208,0.9365613907720632,-0.0012367621267419093
450,117.5120079948506,1.0741252748348897,-0.0013707272041158206
451,176.10105993826457,1.1113518768825017,-0.001357075732610831
452,128.83442368167687,1.1461385287453392,-0.001377518147626172
453,111.21903583893504,1.0728002304920232,-0.0013577880768675023
454,190.54983563278685,1.1427262384031505,-0.0013840470134912353
455,98.81246081045896,0.858497444472844,-0.0011572228765677909
456,153.26346177760325,0.9487071378616263,-0.0012158290335074718
457,98.74264043791233,1.050510367673717,-0.0013552706010923309
458,118.47696026675524,1.07411325349231,-0.0013626543278897878
459,88.27146979829439,1.129625001439571,-0.0013623724031235525
460,186.61115093461632,1.0827167773524649,-0.0013212589725190619
461,126.06963549008907,1.1342007867120312,-0.0013496005416716566
462,123.46059835554257,1.1400303854341165,-0.0013631187026955805
463,93.80944810340189,1.1444626725265958,-0.0013812723620705287
464,179.69218163697192,1.064047740173325,-0.0013671288971757773
465,186.8416784969999,1.108316982818972,-0.0013158604360602702
466,118.04551322865235,1.0736551691360967,-0.0013534966749868876
467,169.23842153877655,0.8209137220509835,-0.0011885945989330536
468,82.27830641562677,0.8100387543159402,-0.001221605741312999
469,95.94849164068502,1.0632111759279257,-0.0013136758180243694
470,146.91437831872332,0.9287709451073555,-0.0012586306650022275
471,198.7664817091158,1.0356449547511588,-0.001294150435645596
472,88.74466347550529,1.107923192852433,-0.0013398022810938242
473,140.35920385651417,0.9506654163140016,-0.001243182311685638
474,115.59393670559395,1.034090925693981,-0.0013092057920552238
475,176.44781200642876,1.0019041170554432,-0.0012858996526968502
476,116.71777011727849,1.0230507366411943,-0.0012935216645066513
477,172.56053388671904,0.8666909088568896,-0.0012548943847033056
478,183.48498289269028,1.0284184263778609,-0.0012832776806342783
479,150.84357210554435,1.1276981234057712,-0.0013452008175526154
480,79.90094127510905,1.0730938337941849,-0.0012899060212260205
481,91.94487428826449,1.1383172156629258,-0.0013787410172228878
482,125.55538235494306,1.0726404617739633,-0.0013510110024296208
483,184.0936920381479,1.0043823951933546,-0.001263408919150913
484,94.9123417697758,1.131936671663746,-0.0013739781864392764
485,80.94732421748301,0.9147941474667546,-0.001229774983680501
486,200.9316965780348,1.024583015072692,-0.0012998931881357664
487,138.4646204465374,0.9065124331040166,-0.0012312301602410828
488,91.93491629981952,1.0714140469794242,-0.001326792373751523
489,204.56386139001026,0.9400468037970158,-0.0012761074897284655
490,197.1537561324925,1.0177377287001272,-0.001300140440220828
491,145.54696891401062,1.110471873942166,-0.001307840644904725
492,171.32440625226195,1.1152986115253718,-0.0013753386707119624
493,185.03964474552316,0.9192446919618638,-0.0012256136641347736
494,209.7162024658236,1.1207756780863776,-0.0013782130359812866
495,101.90543685570198,0.9339193078911252,-0.0012567278521715924
496,111.99239970493078,0.9016568610385953,-0.0012541814426417866
497,149.35977796811628,0.8758349106973623,-0.0011825970620167395
498,204.98444359696066,0.8391651473102637,-0.0011772500563358309
499,95.29859364072581,0.9978226207594588,-0.001301406471327557
500,96.6746171446488,0.9574731847875512,-0.0012267598951499984
501,139.96708322905582,0.8085835363646202,-0.0011512151769690632
502,208.28811579734477,0.9374033919649937,-0.001231423849011779
503,80.5572442470275,1.0088154563011433,-0.001266074770089315
504,122.42911789857612,1.0713360067261606,-0.001369669328657105
505,121.65802540478323,1.1442939888299073,-0.0013510852497917209
506,80.25711279675721,0.8150341861210412,-0.0011537767707420045
507,94.38876008729385,1.0696068725652306,-0.0013102572112215828
508,195.95341212177968,1.0051699090098658,-0.0013113313469721596
509,119.72511750705311,1.0706275928711193,-0.0013424063190109609
510,211.85116280365082,1.1266375718231498,-0.0013799265837970993
511,90.65579149398195,1.1343938337687325,-0.0013772885905646058
512,170.11865001554634,0.9233019851873839,-0.001279271312105108
513,100.63437966712259,0.8723216146024694,-0.0011729461005534117
514,118.11790777075198,1.1253425175942884,-0.0013498432504398744
515,176.91882245789415,1.0612653485452475,-0.0013521530488109106
516,179.07917953975868,1.1083219255550516,-0.0013717329509918058
517,158.25908254873195,1.134233181551701,-0.0013755813794801802
518,137.49834460031445,0.9278280520689769,-0.0012370560076051013
519,124.8537781481576,1.0730109425845331,-0.0013363506754634374
520,171.0527933001437,0.8441109927716484,-0.001259347074331864
521,169.55025776097605,0.8258604539066323,-0.0012099394601466748
522,200.02755034734622,1.0897391316369984,-0.0013580824359745725
523,180.42594972465267,1.1234035805625877,-0.0013759683983386637
524,211.26597830635464,0.9003415902452027,-0.001234238075113412
525,135.98567539361437,0.9228072024619,-0.0012640054088280755
526,122.4339447669571,1.0205175260944284,-0.0012835630726686312
527,81.35850249037439,0.9970635041766681,-0.001266017022141015
528,199.5185544316017,1.0323806080768663,-0.0012885028536871999
529,80.89376972912497,1.1040074570621246,-0.0013567195604824952
530,210.65812429787,1.1320082581882849,-0.0013816685871236687
531,130.08300078378832,1.1462056027374934,-0.0013772612111025754
532,100.36887685848077,1.002284485375935,-0.001278006357047105
533,199.34830313309803,1.0039297334565842,-0.0012784690579993232
534,185.41125280094587,1.1121720538708117,-0.0013302336971385267
535,156.34558649295727,1.0248586627644027,-0.0012746249337058533
536,137.52655345528137,0.9163165313997648,-0.0012497719145232408
537,119.51759810634913,1.101568224391717,-0.001349079255844351
538,181.36537955390622,1.1090655843614505,-0.0013358211399292319
539,179.17344558855356,0.9034633009499488,-0.0012118985861939752
540,122.6833527874498,1.0211810815112632,-0.0013009845406659606
541,181.17633173364567,1.1124262437296661,-0.0013432559192606934
542,166.4263736626007,0.824222562858798,-0.001240605294547623
543,206.42725392830712,1.1146052551810213,-0.001357206771433475
544,212.64127158462688,0.9793529607947234,-0.0013086596375462486
545,178.110316002593,1.0475572896457521,-0.0013469887322914978
546,115.15020601011125,1.0691743526885842,-0.001356114342854555
547,99.75156957446521,1.095255051582139,-0.0013309894420271504
548,208.5103321053219,1.1318393806725286,-0.001382632248538367
549,183.46119660733302,0.9906678337390412,-0.001255694486711638
550,206.32407547641475,1.0709480074789277,-0.0013417641570434243
551,82.8202660901372,0.9300534763197627,-0.0012250119137749505
552,202.80604329746973,1.13672200730168,-0.0013786580419100094
553,187.27541789937231,0.9342169044250169,-0.0012321642900962981
554,90.96034964667861,1.0537954953329327,-0.0013192527394497527
555,78.19595873393429,0.9932303591043544,-0.0012542457664434128
556,137.9018167805447,0.9393757753597177,-0.0012798137602240268
557,171.76231885258187,1.14202818935165,-0.0013826333245870927
558,113.32876957292149,0.8331566513619084,-0.0011579111890695796
559,140.50282857588968,0.9165964777852383,-0.0012550869974252755
560,94.76359129903673,1.061606986465999,-0.0013116142282261515
561,197.75466504095513,1.0238259874238569,-0.001286070624883329
562,118.57405323402655,0.989913977303701,-0.0012337216912858585
563,97.25959092926288,1.080858446804237,-0.0013297353670173777
564,90.88973754791596,1.134529797494848,-0.0013796930812235379
565,170.32873779859622,0.8240181748273154,-0.0012164080672830775
566,153.4377790673664,1.1359089169542267,-0.0013686368001239375
567,88.02304862448038,1.1248389896506417,-0.0013794659153813634
568,170.1278509875478,1.0500503418744647,-0.0013102933186343916
569,149.32172061675234,1.1347784703907342,-0.0013821029521261003
570,125.24975071919985,1.1470545507786452,-0.0013757831983968066
571,114.11411045218044,0.9975831899391961,-0.001301880411010915
572,141.35961907413312,0.9970634285515451,-0.0012731310193911322
573,83.19847205691374,0.841243019293065,-0.0012218951984203168
574,172.95075564428447,0.8934624573318225,-0.0012450784291019772
575,168.7712356656238,0.8567469777158456,-0.0012197435792120162
576,100.98458719319734,1.0006467359463795,-0.0012917730853267556
577,94.94257790666457,1.0879716356069475,-0.0013381943056141377
578,200.36577193278467,1.0132823072391035,-0.0013056384514062978
579,145.91049196761543,1.139367879674265,-0.0013821612978792484
580,148.82481839518317,1.0292505749822993,-0.0013071168227949755
581,83.4283485355212,0.8291562091897853,-0.0011480774188837861
582,175.9261019146184,1.121535676469918,-0.0013790713641817975
583,138.9829359268811,1.1194955775466915,-0.0013663290342893837
584,84.34550275585148,0.8261592549987595,-0.0011619089492089416
585,107.82612666182395,0.920546001438008,-0.001228229658148867
586,102.42802366724904,1.0949516728908157,-0.0013216365460609497
587,146.80933469984527,1.0343876417047058,-0.0012764318586388967
588,112.73122075902906,0.8342713076695456,-0.0011798868539586284
589,99.32471981940628,1.0211231766149316,-0.0012971033524719249
590,109.67730572735525,0.8220896292369719,-0.0011544833760721365
591,176.25117275114792,1.1221444064180752,-0.0013641853061050744
592,176.23398908998033,1.1133878270047948,-0.0013702665357000847
593,86.12078291878868,1.135263290945958,-0.0013680894500052664
594,103.1990014196281,0.86422577139255,-0.0011808600802508916
595,98.07507541026298,1.0866013048137886,-0.0013296211862914428
596,202.28997438242843,1.0965899826649776,-0.0013134154142326556
597,199.20762324803658,0.9221575823033004,-0.0012523605290753036
598,141.150267818813,1.0250873178449043,-0.0013012393250921048
599,184.66072726250118,0.8828226103225097,-0.001285369160674888
600,197.3690504216081,1.033239534697112,-0.0012673116283194704
601,89.75112916390017,1.1324682278037594,-0.0013723699718376507
602,171.8746842952637,0.8362682711704615,-0.0012540704900620295
603,81.25202948602957,0.9987066112260549,-0.0012502877005459464
604,150.6737125787857,1.145156892776875,-0.0013760901114056815
605,187.59116598949933,1.1384172183718209,-0.0013658029660232958
606,113.19755550653683,1.1161782487517506,-0.0013225430573321952
607,146.38537156699314,0.9725739146775434,-0.001291783965374986
608,84.538281206051,1.1259366199171172,-0.0013638430030492085
609,211.2685506911058,1.1219640198747691,-0.001375654072549676
610,201.0475237705788,1.0986399601722103,-0.0013004012026954503
611,188.15167954808666,1.1066305376884693,-0.001304120027092816
612,96.1635547679264,1.0918336865852825,-0.0013167084820173984
613,177.6246883124034,0.9979604080531714,-0.001276552256535249
614,80.80573668429906,1.0826836663226487,-0.001334950975192734
615,84.9631528602879,0.8352036409546677,-0.0011612207562681225
616,138.92720793763013,1.1060722767991311,-0.0012920661292631606
617,126.4449317949058,1.128781176192646,-0.001340955566206253
618,148.68713470627156,1.1355281350226356,-0.0013837825446265566
619,202.4496856372222,1.0767375849176517,-0.0013360929020130542
620,101.06760318263592,1.1079769938536088,-0.0013087263525672663
621,122.40384598103745,1.1435315526643028,-0.0013618028146645425
622,190.42467471797346,1.140645145930786,-0.001375322290859132
623,135.45510114949604,1.0214120851719761,-0.0012984410005994237
624,127.01983151649044,1.0776749212676158,-0.001372995036586539
625,116.2019650975966,1.0986660435314035,-0.0013235809661089936
626,81.43435704220265,0.9401886575210657,-0.001215471546208471
627,213.38008132172405,0.9821919884156384,-0.001328215268850322
628,170.97326922801042,1.1183738031619885,-0.0013736411440660712
629,146.105429682829,1.1331288151979892,-0.0013686006927111287
630,204.2782631565042,0.9549450191722502,-0.0012610779584882638
631,121.08239300736663,1.1307461090974684,-0.0013535478470818618
632,170.70527825608622,1.1360270388304994,-0.0013471051846758548
633,102.46728659311778,0.9581620050235226,-0.0012237268724740605
634,123.06315794077453,1.1230459818171437,-0.0013337267904253527
635,113.85189456403108,0.9461982802473071,-0.001281911337874084
636,91.3185268027574,1.1186512755655011,-0.0013696860671928443
637,158.0552154139634,0.8164949224802311,-0.0011620723890543375
638,113.56507063977057,1.00132781832577,-0.0012966453143975197
639,136.45499066537502,0.9252843854753523,-0.0012608566511335983
640,136.74114303969492,0.9100679050166381,-0.001264005528389045
641,82.02597007064426,0.9880622726370145,-0.0012509377535374743
642,136.23685268097216,0.9916056541682531,-0.001291727532597351
643,85.09065614285909,0.8262864336061319,-0.001203835035723569
644,153.1493352342621,1.1192569333298326,-0.0013413543020397538
645,102.70981287531721,0.9814195668528586,-0.0012457245365815094
646,151.38712667662554,1.12951798101104,-0.0013755523261645758
647,173.03753445330153,1.1357303897678488,-0.0013516194482037394
648,177.63162029324192,0.8462799710816286,-0.0011971135571365353
649,175.0833998898889,0.948339859755173,-0.0012224069193700572
650,178.04386839971582,0.9965104173181085,-0.0012908643023970883
651,157.32182543855652,0.8911440992630203,-0.0012382750512507914
652,177.61442558616628,1.127352944940702,-0.0013810632499347587
653,195.69567644882304,1.0210314311565751,-0.0012923041751535655
654,146.89357164465645,1.0168329751459169,-0.0013054434474649365
655,195.90870243159569,0.9226286276297094,-0.0012297058774400926
656,99.57313721409754,1.0597169602315557,-0.0013141354103913794
657,113.31769521628327,1.0901140460277898,-0.0013527703420967772
658,119.98793526911749,1.0627007695681825,-0.0013348691954895514
659,199.3059392511354,1.0291207484932106,-0.0013090007449924192
660,207.30799337413197,1.120892012442392,-0.0013839504082278267
661,83.10770832596398,0.833311187476296,-0.001160250279878159
662,188.4801810820121,1.0775049381958057,-0.0013072031458150014
663,204.73474424412146,0.9236945930165238,-0.0012426103320072367
664,96.63039708948206,1.1099465650268545,-0.0013176336447998965
665,150.80406907439547,1.135664901313627,-0.0013793414524120458
666,212.6378449851831,1.116714669960275,-0.0013817765506791866
667,98.09373455890137,1.0659907042494532,-0.0012992540151924694
668,79.18424468240529,0.9898930879641451,-0.0012903859389578566
669,209.83885151769775,1.1333541514384788,-0.0013822154589984616
670,202.47088240096713,0.9319773238859089,-0.0012468388448178599
671,126.92832385277184,1.0148989001465936,-0.0012916358293336943
672,211.19786177836846,1.125437890103266,-0.0013830684069553417
673,112.66015953269606,0.9893477249514904,-0.0012702897725103777
674,188.5102103260161,1.1129172930839526,-0.0013388522496296565
675,135.65922722992167,1.1275887628044179,-0.0013835439009313036
676,154.66159709721396,1.1254983420605595,-0.0013425582810032786
677,181.06585076329068,1.0774602891720908,-0.0013213784139276576
678,108.09570694469357,0.8322929618971809,-0.0011701013864045397
679,197.16646135846125,1.029334712133133,-0.0012895197197333543
680,205.56893380680287,0.9459970854193221,-0.0012750973190966066
681,182.23394883898303,1.1437549022010396,-0.0013825077855690493
682,171.62377837957172,0.8790846885724919,-0.001200421211359565
683,184.9465091511239,1.110912178619058,-0.0013186597170407074
684,123.62720401467486,1.1149266020640252,-0.001332416282637945
685,197.57716625805134,1.0634715944161568,-0.0013083160193197172
686,136.97229319356603,1.1283412747806971,-0.0013668405161171853
687,169.8552994026568,0.8364686221416867,-0.0012456213554647745
688,150.08752427718724,1.135203394090206,-0.0013819140457941867
689,112.05333118658238,0.9145594334128646,-0.0012643833410528717
690,181.65243295114985,1.0802328099674552,-0.0013363176766358373
691,186.91752724528556,1.1413789481862828,-0.0013779673381888293
692,79.24374750997107,0.9135232798093664,-0.0012182090141676428
693,198.7463473140156,0.9192637385651632,-0.0012355593433880803
694,168.6365413239176,1.1201386426243187,-0.0013715225236853703
695,213.05337321205846,1.1187405256310055,-0.0013592697959633276
696,99.07766479846622,1.0137614535241894,-0.0012693365129000317
697,156.15858927722553,0.9867932242520162,-0.0012697011738572067
698,136.8088582302217,0.9759731227935639,-0.001244392268697641
699,150.16987367112594,1.1311702297291493,-0.0013821604609524614
700,117.74220826285637,1.0758504526333565,-0.001370819505184325
701,125.5266599198547,1.1445540161179142,-0.0013815573954219728
702,177.10438347562817,1.0032721385598677,-0.0012870120479576874
703,152.88310124826899,1.1346276040541148,-0.001383596149075004
704,181.11354834135494,1.1460692474082315,-0.001382612401417419
705,96.79431599886757,1.0763575680842883,-0.0013208712362947606
706,90.52506866876551,1.1350123845826927,-0.001359959064952873
707,169.58958227131856,1.1248113078096487,-0.0013708529822558037
708,145.90520761372505,1.1173862784524646,-0.0013247971402914139
709,141.88910646745416,1.0206738344009252,-0.0012949282993135894
710,152.1528995788149,1.108984392131265,-0.001317176921896156
711,155.70035639894587,0.9340693742779409,-0.0012033828561366722
712,118.09549498568094,1.1296867251158376,-0.0013607169619389487
713,180.54874573749169,1.00188137658093,-0.0012773438697147423
714,136.58842398061856,0.9131210778235275,-0.0012598852182558783
715,198.65820057378215,0.9434065204429505,-0.001235785911425407
716,97.71911659923815,1.1102756077848985,-0.0013210347957011265
717,149.21364369883455,1.1403282454577772,-0.0013781214522785995
718,85.54903026014512,1.100577923309226,-0.0013599351527589596
719,82.93809697796834,1.1162611333419303,-0.0013758580435637548
720,87.36410188626131,1.0894015599145437,-0.0013393899153097927
721,188.43227093757082,1.1366011206465525,-0.0013649748867480848
722,198.60012540938658,0.9879318058552171,-0.001300982747251417
723,120.83973431951418,1.1254362961688396,-0.0013476698711351125
724,187.39227175249994,1.1463099991450607,-0.0013773969128030323
725,211.22998440118522,1.1256707808559117,-0.0013807403157559623
726,121.71298719800355,1.0673167833216182,-0.0013669951084508331
727,143.44996900566667,1.02817314301335,-0.0013006208361965423
728,81.901899311279,0.8580744330732026,-0.0012221968507465306
729,95.84351624869836,1.0654724487938176,-0.0013163268434025453
730,121.6456542890462,1.0826497787605929,-0.0013670655298619076
731,135.85574235075617,0.8840297926954293,-0.0012476807931655403
732,198.31907437625475,0.9952751935298311,-0.0013036656954084668
733,97.6459854452256,1.0672506576050553,-0.0013275072287885553
734,143.6938856009927,1.1095759922989097,-0.0012521255917701075
735,87.21059877904814,1.1320296059241874,-0.0013342162730347541
736,172.44542474824007,1.1145338980440311,-0.0013490365725782158
737,201.43974891899737,0.9848240519219125,-0.0012889512073230706
738,156.4503429284848,1.1152825051841722,-0.0013188862850780341
739,128.4996423451496,1.1381867187540509,-0.001378427528360687
740,121.50388244104674,1.117901525569245,-0.0013589817735876445
741,199.66347150952373,0.9145709253358888,-0.0012002780968789952
742,198.48761216328276,0.9232122846097501,-0.0012111619710604821
743,196.9868501199864,0.9929568213535779,-0.0012673721261700706
744,92.19907832969727,1.0930801271034376,-0.0013353819924880176
745,135.97761984055174,0.9036488626645179,-0.0012152000232465879
746,176.09640395331118,1.1418755177688407,-0.0013842325721160013
747,194.84862835065303,1.0014475085275267,-0.0012592907611151988
748,201.2354937772185,1.0383487495269632,-0.0012831046759113171
749,119.98319246564776,1.0084900968549086,-0.0012911883126246106
750,209.72830292303624,1.1292072750514106,-0.0013778488532679902
751,168.14139475510436,1.1229649733768803,-0.001377801028880164
752,119.1422851427977,1.123489518211246,-0.0013427787514311575
753,171.25842284693567,1.0090739097808403,-0.001284432759161251
754,175.77624881528067,0.8279630707752229,-0.0012877313267505935
755,94.5855979732986,1.0843448026105034,-0.0013503707534375975
756,123.55061770881444,0.933804637132306,-0.0012611710964835553
757,78.60700743690282,0.9305757208825469,-0.0012287425747083032
758,204.46295521484396,0.9370021283298098,-0.0012556665094447597
759,145.70776155020926,1.132436580252047,-0.0013820334872027829
760,137.3063234783544,0.994212638703152,-0.001251009609680183
761,137.82146191778259,0.993753295066617,-0.0012600327564923222
762,182.76443318724293,0.9823184638714949,-0.0012614520647620344
763,198.52142415764584,0.821527903601882,-0.0011714914022367081
764,179.53742954270345,0.993916399970982,-0.0012828127080236383
765,153.1124586090062,0.9357320726329887,-0.0012728586595024622
766,184.69917941551935,1.0632469627148724,-0.001344312120865835
767,208.05073601392775,0.8247445490592146,-0.0011531659337484942
768,209.72697056833965,0.8452244962493914,-0.0011692919586405808
769,185.99946922753483,1.1455637784750767,-0.001381576046933225
770,80.83892170103724,0.9589086219148505,-0.0012427756848281458
771,109.09484232322406,0.8340934718024298,-0.0011719207456784178
772,173.19868832482163,1.1158037231410636,-0.0013595000703907107
773,177.7677048028893,1.0761669949599257,-0.0013262098727077998
774,122.66462127425362,1.1454918046622562,-0.00138006670925343
775,150.28110783635,0.9197228620507478,-0.0012509760130477352
776,159.16040929678346,1.013675402900189,-0.0012928655139056756
777,201.49216898731424,1.0344967200211348,-0.0013023021025505722
778,200.08029270489516,1.0912950448415022,-0.0013567031806296648
779,136.86290517550867,0.9788638410263903,-0.001284546939887186
780,126.01067344107379,1.0977673106893933,-0.0013239475400416813
781,186.14587061531006,1.144267491361027,-0.0013829572152536458
782,147.7757371650873,0.8239054958366213,-0.0011415854973583182
783,203.16347560808043,0.9991738955005144,-0.0012589938912277677
784,116.92635968743977,1.079250183001012,-0.0013312296400150078
785,207.16508086323716,0.9209893740375945,-0.0012679123026305673
786,136.26842602707504,0.829003340669276,-0.001193271465379548
787,205.98591267911564,1.1384947506636072,-0.0013789961603319408
788,125.08725987840529,1.1186102652233756,-0.0013626941416926535
789,174.77703758866403,1.1325916897335386,-0.001377342273439941
790,144.61731645500538,1.0389362995943945,-0.0012952744283204814
791,91.39645258378974,1.1156600581973843,-0.0013481778856947965
792,136.05487576665686,0.9448047490942688,-0.001271213381000271
793,176.13245294779537,0.8306732246867362,-0.0012631556890173733
794,100.65276671892302,1.0810848142904312,-0.0013216012755749278
795,121.99807861385467,1.0862073729165818,-0.001363923108898817
796,121.8877541380483,1.0748791970843556,-0.0013648100121710543
797,95.01364744799075,1.1399271906581216,-0.0013806247002983922
798,78.30113387955198,1.081485803329298,-0.0012747290713103448
799,180.31796425392892,1.111928540620431,-0.0013661377367380789
800,83.39732085799832,0.8216976463789561,-0.001231289342921018
801,115.37510509853955,0.9302861532909803,-0.0012598397850874434
802,204.44588394384795,0.8334219384732405,-0.0011791019361934306
803,87.72326485350305,1.0677272284682415,-0.0013507769020512117
804,121.37399644601223,1.1256483216341282,-0.001342153088877421
805,203.0897467582763,1.145067802244755,-0.0013796481262989815
806,81.21146870143372,1.0693355235178674,-0.0013081229283538691
807,169.32413347472246,0.8161914997215128,-0.001172787801829707
808,205.72128592981656,0.8519025949464326,-0.0012294485822335875
809,85.07848844735501,0.8214111651323985,-0.0012013143318022191
810,100.32916637650357,1.0020487349783294,-0.0012873897410605449
811,91.96562518134473,1.120085610368807,-0.0013658225740223046
812,204.24454719247407,0.9551211954652659,-0.0012705491002533652
813,172.06661152781368,0.9013001441645165,-0.0011985945588665432
814,94.70100885601228,1.001119115673577,-0.0012906942866983662
815,181.0279384453524,1.054486758133236,-0.0013008179922353556
816,148.31281674293726,0.9770955979261049,-0.00128387440943338
817,136.40743478477245,0.9567621237260502,-0.0012885128968086433
818,177.5087722838113,1.062724209292492,-0.0013366435998388728
819,98.42848709255465,0.876786332500207,-0.0012222132305993614
820,198.93601135078444,0.9457339029555539,-0.0012365041141695872
821,203.28552560855013,0.9088337900649128,-0.0012655478648964402
822,112.21598337030751,1.0524709085131232,-0.0013106521211040576
823,85.65833220780529,1.132411095726862,-0.0013808120523377014
824,208.44436233701688,0.8391438669499153,-0.0012417169724426433
825,211.43623765150144,1.128782868086168,-0.0013818516349680737
826,181.5128641142023,1.0123838142897013,-0.0013039747605147938
827,113.53827352252107,0.8297422227175127,-0.0011927013986766594
828,94.4800328525811,1.063636913252495,-0.0013136371998311996
829,169.71351735974972,1.1313611968460302,-0.0013468594868833975
830,200.4506623236023,0.8232417451870312,-0.0011519638677604826
831,79.37150669313986,1.0862056409191143,-0.0012827404931980207
832,124.1697522999326,1.1456551649818083,-0.0013701113455615887
833,205.45602713522936,1.0385016752897602,-0.001288281546332534
834,90.79457410827374,0.9948568403905694,-0.001298572756787885
835,184.61612146104412,1.1070862098150975,-0.0013435905704145073
836,113.4880178218551,0.8356795639698925,-0.0011697048026684908
837,206.24726973851165,1.1369849505054317,-0.0013783089238788779
838,101.38909801380922,1.0510052288543534,-0.001320822216297239
839,116.67016870834229,1.0671700532532011,-0.0013495028603595213
840,212.494808704212,1.1248128508986397,-0.0013820120857892305
841,148.17613038532664,1.1288933602316935,-0.0013588009974016611
842,139.58151735129266,1.0124465724283072,-0.0012890602469273144
843,126.21679721000353,1.1462103784766384,-0.0013764260777301605
844,211.70837469809362,0.9916890737206967,-0.0013486111746485018
845,204.67181144833052,0.9578720987160944,-0.001237472438462098
846,171.40286129602498,0.8245963694608922,-0.0012040128228853128
847,209.66197232631373,0.8251356041349073,-0.001175958319620645
848,78.94332020837696,0.9319135925217208,-0.0012120289076508017
849,101.06627401117746,0.95172709114032,-0.001228567896131768
850,79.89475107204535,0.9162204634426849,-0.001231889778110176
851,98.92766304848048,0.9899127034405164,-0.0012556830088585598
852,172.2835822586468,0.8156060069935281,-0.001189923877792683
853,198.86035130663308,1.0985302334172795,-0.0013303918763012622
854,169.59479701757238,1.1217936718063997,-0.001345853142202565
855,94.5238328515058,1.0899675288136426,-0.0013468963116620237
856,84.35044260915978,0.8362069271689774,-0.0011683669154190527
857,211.4176647286728,1.1288455768344348,-0.0013798079793152906
858,180.78081905347267,1.0713580579740398,-0.0013419518677656424
859,136.2457325343631,1.020962153922289,-0.001289778808354403
860,109.25702189247569,0.8902534551211247,-0.0012280393170853187
861,136.80004806986142,0.9460446741600511,-0.0012878648763535983
862,128.2759827899814,1.1422723491320617,-0.001380079382716204
863,157.4976164955976,0.8215233681604139,-0.0011462553097076078
864,88.78073736164812,1.0036169261002243,-0.0012984414788433023
865,178.7390579799667,1.0876389527153063,-0.0013334097147340651
866,122.3580116319604,1.0709074682090984,-0.001346304365301705
867,186.49813890219437,1.11984861839536,-0.001292500733387531
868,185.11226916630494,1.1092804002615475,-0.0013212718851037747
869,118.68549399930575,1.066511530621076,-0.0013088461526587708
870,213.326911645075,1.1234857985644455,-0.001376695568155561
871,178.9050146661937,0.9085731296579057,-0.0012629322295652553
872,142.79342100379478,0.9968324391755775,-0.001344966836735176
873,204.6162504364004,1.1316093120164703,-0.0013810416093992671
874,100.20319579814465,1.0759664673003702,-0.0012990896188593169
875,139.77814542290102,0.8229959070144357,-0.0011798395078146803
876,149.9229285409322,0.941430712068335,-0.001230663321684373
877,207.3095586579713,0.9239149886054158,-0.0012599057827426437
878,203.07502373066995,1.1148821137075349,-0.0013119199456253306
879,196.60513261695152,0.9309196792995922,-0.0012742364801157347
880,99.96324849728441,1.0191630503099682,-0.001298867474577864
881,173.58854422035915,0.9532865322642055,-0.0012429898185246377
882,186.57299675170336,1.1077234104082032,-0.001321938317948133
883,169.74345015411745,1.1280890231125194,-0.001338444905406347
884,145.34602798532734,0.8097618992421107,-0.0011331452102728108
885,86.2517635341641,1.0629007298688475,-0.001335319462100935
886,203.4031287799308,0.8501453868668125,-0.001194493378488507
887,201.46515979444237,1.090856133276848,-0.0013095357803312247
888,141.97821741839755,0.8143684867836719,-0.0011633289748444711
889,83.00213043383611,1.0990705969324321,-0.0013567380924327781
890,92.80516931236096,1.0017314438924492,-0.0012760126778796
891,140.49005131999894,1.1169672999371505,-0.0013648824661186107
892,210.27697260089826,0.8368013062581352,-0.0012147226162951127
893,188.72779316180316,1.143313952860004,-0.0013789697373576665
894,206.46075692098694,0.9413799329353782,-0.0012556136634962116
895,201.2439779036129,0.9421014250091627,-0.0012367933321549662
896,167.57698764863216,1.128147678220117,-0.0013819590007187435
897,174.4152787114572,0.9218131022877658,-0.0012546975873474007
898,135.94278774446292,0.9269002813174075,-0.001242804499021811
899,176.64589423447958,0.9935825032886295,-0.001260840749524646
900,99.13522893606151,1.004873723215282,-0.0012804718238005153
901,173.31854343199282,1.052433476461143,-0.0012986033643960938
902,146.7691037970872,1.1113816016017883,-0.0013478707335639827
903,137.0821786756699,1.0267135117556514,-0.0012998323316022577
904,122.61150381891179,1.0752499521057641,-0.0013738964067360935
905,137.48000932522754,1.112657040956498,-0.001287767553724372
906,79.0051822882878,0.9881559503172659,-0.0012823123453660065
907,167.48584543651907,1.131547575978699,-0.0013797774912680514
908,180.07917731585292,1.0223542628686968,-0.0013105834931075272
909,210.77863717775125,1.1188000138573873,-0.001375246010960549
910,185.91263195602878,1.0033459268327463,-0.0012647460890345338
911,200.47582587064846,1.0316997147602838,-0.0012913639476889024
912,147.7572536421097,1.1104593277143824,-0.0013067689003735399
913,172.508764679179,0.8535638473979582,-0.0012163172009462078
914,143.72093851293366,1.0874029230844822,-0.0013163719178880717
915,155.47565525362,1.026529330129481,-0.001298464912793337
916,185.51517108749826,1.1145848815550297,-0.0013283128306014877
917,128.7423360471944,1.145641001962476,-0.0013741171162859112
918,113.56102750315848,0.9484968266697757,-0.0012761107178746438
919,199.00032096956286,1.0243931573608942,-0.0012922669916920308
920,125.2596717669548,1.0922644521185503,-0.0013631784831803634
921,178.51283077817948,1.1457995231027067,-0.0013846009394632326
922,128.09474747919703,1.1444603522954464,-0.0013740462166309591
923,96.42007298216858,0.9018924445030924,-0.0012018618014818599
924,96.15396807829157,1.0500713939950053,-0.0013079324677293513
925,171.5252154725416,0.8860603107432461,-0.0012068771450331937
926,171.81201142940668,0.8224553444735269,-0.001200753949537866
927,137.44288577035434,1.0814597228106868,-0.0013264593964512831
928,142.14329978079454,1.0934722531480474,-0.0013472567879852636
929,183.75248164817486,1.0502024667760168,-0.0013109152747980716
930,138.96802522312902,0.8150547766804058,-0.0011159327348502822
931,139.42331657487264,0.8084772759720797,-0.0011599776808675498
932,207.3316169419138,0.9311178895979932,-0.0012835158460856532
933,174.72546774629384,0.8409952910657741,-0.0012297043231474882
934,212.8160124864804,1.1186557536955846,-0.0013839977543717743
935,173.30455069119256,1.113725170141634,-0.0013584907366856387
936,78.61181772028827,1.088122185689897,-0.001250165389674081
937,144.6331145432946,0.9175653248367395,-0.0012192704764554456
938,99.69796865688481,1.0131299357454377,-0.0012847352484142518
939,79.97770713539461,0.9947004005803861,-0.001284317980630468
940,166.45396795740845,1.116168895990483,-0.0013729695701000218
941,182.6247165270837,1.0002472882476114,-0.0013058535415905463
942,125.59952337448678,1.1136247163544275,-0.0013526303362014162
943,204.98978640917272,1.1381104235457002,-0.0013810178167663239
944,114.74301532372017,1.0658235916803342,-0.0013376409774469885
945,126.42876264190342,1.1465007702854415,-0.0013785715993290134
946,136.20272352320995,0.9111620946506601,-0.001226713983737685
947,89.89370304812175,1.132895032551102,-0.0013785711210851353
948,139.13741773899193,0.9253177888436763,-0.0012425150419144927
949,175.15840699386288,1.1192897300350302,-0.0012885925244143738
950,101.17559053545394,0.955358295610822,-0.0011967895469090126
951,139.0929427709867,0.8269583446013596,-0.0011914226941071564
952,113.79272890825828,0.9840430998452481,-0.0012984638367446108
953,124.81272531868372,1.1470718531537545,-0.0013755611736763237
954,126.15387254159391,1.1462838627254182,-0.0013773800547063238
955,79.88443730618724,0.8195591288181667,-0.0011647715975032485
956,81.76541251405753,1.0858127342825996,-0.0012619169178117052
957,196.38947157031296,0.9309194846875812,-0.0012455095659582305
958,171.13210076471404,1.1271780121534238,-0.001382365029771388
959,84.33909120416959,1.132537052814747,-0.0013599668364158947
960,98.14565295704622,1.0988125645329931,-0.0013144705397890714
961,182.18015112451621,0.8209612320937386,-0.001178927377177865
962,84.8225662547579,0.971947852936318,-0.001304847316470683
963,209.95660016391577,0.8448927071497193,-0.0011614932357177621
964,184.75516331051523,1.0467408958042732,-0.0013106747181273058
965,184.7725347521198,1.1112322156490126,-0.001337618260862771
966,178.14758139402576,0.9993856290395848,-0.0012646564183073595
967,204.23450328783827,0.8475741524065405,-0.0011885775017144058
968,178.28368099076707,1.0494883611523462,-0.0013392196604891313
969,147.36413328014237,0.9803121629670704,-0.001288025327174755
970,198.60031217620832,1.099170939919759,-0.0013255536025458545
971,129.75608360402248,1.1460574372730803,-0.0013774244118260324
972,169.84812117889228,1.1189251412084091,-0.0013674554181836605
973,81.79092699136353,1.1289592909012607,-0.0013561427983653112
974,125.03792009965305,1.0763125683433952,-0.0013355515299428617
975,200.5253521119972,1.0883039037736322,-0.001313061155079833
976,97.39420976009673,1.0807973341466024,-0.0013039984335867678
977,212.73162691664123,1.1174525836989546,-0.0013796397570311116
978,129.95774005559534,1.111504745316446,-0.0013404874850104038
979,212.51729991872938,0.9930125974026945,-0.0012974990992811867
980,209.97501384791224,1.1203650512836687,-0.0013763599605139906
981,200.27519552983847,1.0131412296223272,-0.0012929012626355756
982,85.4767183659572,0.9971907526893384,-0.001297634681420674
983,127.28145910450861,1.1233467045787546,-0.0013607222226216095
984,202.79675831833177,1.098576475060577,-0.001355622827708671
985,124.4828242201875,1.109530382544011,-0.0012968571764355894
986,196.71395118334362,1.032226097547601,-0.0012905445963644702
987,134.97025634793508,1.0295557458817854,-0.0013047877751078394
988,141.79016819838384,0.9497626310636283,-0.0012399453179956217
989,136.0899481835411,0.9228696037379719,-0.001241611400106517
990,204.0683975986913,0.8503064976468263,-0.0011679770270972994
991,198.10153634423307,1.0980197331289616,-0.001339003494256157
992,213.47809028186194,0.994377684652343,-0.001363321119417055
993,128.12634200354668,1.1218916784821042,-0.001353523217522131
994,119.00093361935447,1.0768979550815847,-0.0013725812360708728
995,189.15367488235916,1.110017640414827,-0.00120370268173026
996,201.688671400207,1.0378731750584549,-0.0012754373504940508
997,171.8403180505781,1.1267666403951169,-0.0013803995669927007
998,180.05247854783516,1.1455132157217172,-0.001383289236066129
999,82.17398751124918,0.9770276966489193,-0.0012763808061048922
